kabupaten/kota,populasi,tahun
Kabupaten Pacitan,589100.0,2021
Kabupaten Ponorogo,955800.0,2021
Kabupaten Trenggalek,734900.0,2021
Kabupaten Tulungagung,1096600.0,2021
Kabupaten Blitar,1231000.0,2021
Kabupaten Kediri,1644400.0,2021
Kabupaten Malang,2668300.0,2021
Kabupaten Lumajang,1127100.0,2021
Kabupaten Jember,2550400.0,2021
Kabupaten Banyuwangi,1718500.0,2021
Kabupaten Bondowoso,778500.0,2021
Kabupaten Situbondo,688300.0,2021
Kabupaten Probolinggo,1155900.0,2021
Kabupaten Pasuruan,1611800.0,2021
Kabupaten Sidoarjo,2091900.0,2021
Kabupaten Mojokerto,1125500.0,2021
Kabupaten Jombang,1325900.0,2021
Kabupaten Nganjuk,1109700.0,2021
Kabupaten Madiun,750100.0,2021
Kabupaten Magetan,674100.0,2021
Kabupaten Ngawi,873300.0,2021
Kabupaten Bojonegoro,1307600.0,2021
Kabupaten Tuban,1203100.0,2021
Kabupaten Lamongan,1356000.0,2021
Kabupaten Gresik,1320600.0,2021
Kabupaten Bangkalan,1071700.0,2021
Kabupaten Sampang,976000.0,2021
Kabupaten Pamekasan,853500.0,2021
Kabupaten Sumenep,1129800.0,2021
Kota Kediri,288000.0,2021
Kota Blitar,150400.0,2021
Kota Malang,844900.0,2021
Kota Probolinggo,241200.0,2021
Kota Pasuruan,209500.0,2021
Kota Mojokerto,133300.0,2021
Kota Madiun,196900.0,2021
Kota Surabaya,2880300.0,2021
Kota Batu,214700.0,2021
Kabupaten Sidoarjo,2103401.0,2022
Kabupaten Mojokerto,1133584.0,2022
Kabupaten Jombang,1335972.0,2022
Kabupaten Nganjuk,1117033.0,2022
Kabupaten Madiun,757665.0,2022
Kabupaten Magetan,678343.0,2022
Kabupaten Ngawi,877432.0,2022
Kabupaten Bojonegoro,1315125.0,2022
Kabupaten Tuban,1209543.0,2022
Kabupaten Lamongan,1371509.0,2022
Kabupaten Gresik,1332664.0,2022
Kabupaten Bangkalan,1086620.0,2022
Kabupaten Sampang,984162.0,2022
Kabupaten Pamekasan,857818.0,2022
Kabupaten Sumenep,1136632.0,2022
Kota Kediri,289418.0,2022
Kota Blitar,151960.0,2022
Kota Malang,846126.0,2022
Kabupaten Lumajang,1137227.0,2022
Kabupaten Malang,2685900.0,2022
Kabupaten Kediri,1656020.0,2022
Kabupaten Blitar,1240322.0,2022
Kabupaten Tulungagung,1105337.0,2022
Kabupaten Trenggalek,739669.0,2022
Kabupaten Ponorogo,964253.0,2022
Kabupaten Pacitan,592916.0,2022
Kabupaten Jember,2567718.0,2022
Kabupaten Banyuwangi,1731731.0,2022
Kabupaten Bondowoso,781417.0,2022
Kabupaten Situbondo,691260.0,2022
Kabupaten Probolinggo,1159965.0,2022
Kabupaten Pasuruan,1619035.0,2022
Kota Pasuruan,211497.0,2022
Kota Probolinggo,243200.0,2022
Kota Madiun,199192.0,2022
Kota Mojokerto,134350.0,2022
Kota Batu,216735.0,2022
Kota Surabaya,2887223.0,2022
Kota Mojokerto,136100.0,2023
Kota Madiun,200000.0,2023
Kota Probolinggo,247000.0,2023
Kota Pasuruan,216400.0,2023
Kabupaten Bondowoso,788200.0,2023
Kabupaten Situbondo,697000.0,2023
Kabupaten Probolinggo,1176900.0,2023
Kabupaten Pasuruan,1644500.0,2023
Kabupaten Sidoarjo,2148700.0,2023
Kabupaten Mojokerto,1145500.0,2023
Kabupaten Jombang,1351300.0,2023
Kabupaten Nganjuk,1124700.0,2023
Kabupaten Madiun,754500.0,2023
Kabupaten Magetan,681700.0,2023
Kota Surabaya,2911400.0,2023
Kota Batu,220200.0,2023
Kabupaten Malang,2715600.0,2023
Kabupaten Lumajang,1139100.0,2023
Kabupaten Jember,2586800.0,2023
Kabupaten Banyuwangi,1743900.0,2023
Kabupaten Sampang,1004500.0,2023
Kabupaten Pamekasan,875800.0,2023
Kabupaten Sumenep,1146600.0,2023
Kota Kediri,295200.0,2023
Kota Blitar,153400.0,2023
Kota Malang,865300.0,2023
Kabupaten Pacitan,588000.0,2023
Kabupaten Ponorogo,959500.0,2023
Kabupaten Trenggalek,741200.0,2023
Kabupaten Tulungagung,1107800.0,2023
Kabupaten Blitar,1253600.0,2023
Kabupaten Kediri,1677200.0,2023
Kabupaten Tuban,1218600.0,2023
Kabupaten Lamongan,1369500.0,2023
Kabupaten Gresik,1350400.0,2023
Kabupaten Bangkalan,1091800.0,2023
Kabupaten Ngawi,880700.0,2023
Kabupaten Bojonegoro,1319600.0,2023
Kabupaten Blitar,1263700.0,2024
Kabupaten Kediri,1689900.0,2024
Kabupaten Jember,2603800.0,2024
Kabupaten Banyuwangi,1754400.0,2024
Kabupaten Bondowoso,792300.0,2024
Kabupaten Situbondo,700700.0,2024
Kabupaten Probolinggo,1185200.0,2024
Kabupaten Pasuruan,1657200.0,2024
Kabupaten Malang,2736000.0,2024
Kabupaten Lumajang,1145900.0,2024
Kabupaten Pacitan,588600.0,2024
Kabupaten Ponorogo,962900.0,2024
Kabupaten Trenggalek,744500.0,2024
Kabupaten Tulungagung,1113900.0,2024
Kabupaten Magetan,685500.0,2024
Kabupaten Madiun,757800.0,2024
Kabupaten Nganjuk,1131800.0,2024
Kabupaten Jombang,1362700.0,2024
Kabupaten Mojokerto,1154300.0,2024
Kabupaten Sidoarjo,2171500.0,2024
Kota Kediri,298200.0,2024
Kabupaten Sumenep,1153200.0,2024
Kabupaten Pamekasan,884700.0,2024
Kabupaten Sampang,1016300.0,2024
Kabupaten Bangkalan,1102500.0,2024
Kabupaten Gresik,1364000.0,2024
Kabupaten Lamongan,1378200.0,2024
Kabupaten Tuban,1225200.0,2024
Kota Batu,222700.0,2024
Kota Surabaya,2922000.0,2024
Kota Madiun,201800.0,2024
Kota Mojokerto,137400.0,2024
Kota Pasuruan,219400.0,2024
Kota Probolinggo,249500.0,2024
Kota Malang,872700.0,2024
Kota Blitar,154900.0,2024
Kabupaten Bojonegoro,1325300.0,2024
Kabupaten Ngawi,884100.0,2024
Kabupaten Kediri,1702262000.0,2025
Kabupaten Blitar,1273451000.0,2025
Kabupaten Tulungagung,1119588000.0,2025
Kabupaten Trenggalek,747614000.0,2025
Kabupaten Ponorogo,966111000.0,2025
Kabupaten Pacitan,589034000.0,2025
Kabupaten Lumajang,1152264000.0,2025
Kabupaten Malang,2755438000.0,2025
Kabupaten Pasuruan,1669400000.0,2025
Kabupaten Probolinggo,1193272000.0,2025
Kabupaten Situbondo,704243000.0,2025
Kabupaten Bondowoso,796300000.0,2025
Kabupaten Banyuwangi,1764540000.0,2025
Kabupaten Jember,2620135000.0,2025
Kota Surabaya,2931611000.0,2025
Kota Batu,225120000.0,2025
Kota Blitar,156330000.0,2025
Kota Malang,879873000.0,2025
Kota Probolinggo,252085000.0,2025
Kota Pasuruan,222334000.0,2025
Kota Mojokerto,138613000.0,2025
Kota Madiun,203552000.0,2025
Kabupaten Sumenep,1159397000.0,2025
Kota Kediri,301202000.0,2025
Kabupaten Bojonegoro,1330516000.0,2025
Kabupaten Ngawi,887172000.0,2025
Kabupaten Magetan,689209000.0,2025
Kabupaten Madiun,760948000.0,2025
Kabupaten Nganjuk,1138604000.0,2025
Kabupaten Jombang,1373793000.0,2025
Kabupaten Mojokerto,1162696000.0,2025
Kabupaten Sidoarjo,2193692000.0,2025
Kabupaten Tuban,1231374000.0,2025
Kabupaten Lamongan,1386390000.0,2025
Kabupaten Gresik,1377287000.0,2025
Kabupaten Bangkalan,1112956000.0,2025
Kabupaten Sampang,1027538000.0,2025
Kabupaten Pamekasan,893327000.0,2025
