tahun,kabupaten,produksi
2021,Kabupaten Bangkalan,112783.6
2021,Kabupaten Banyuwangi,296499.51
2021,Kabupaten Blitar,142834.27
2021,Kabupaten Bojonegoro,389182.32
2021,Kabupaten Bondowoso,149523.79
2021,Kabupaten Gresik,219226.91
2021,Kabupaten Jember,355516.37
2021,Kabupaten Jombang,188716.29
2021,Kabupaten Kediri,114457.39
2021,Kabupaten Lamongan,457699.04
2021,Kabupaten Lumajang,170382.55
2021,Kabupaten Madiun,266651.51
2021,Kabupaten Magetan,177429.44999999998
2021,Kabupaten Malang,157842.77
2021,Kabupaten Mojokerto,171518.24
2021,Kabupaten Nganjuk,247892.8
2021,Kabupaten Ngawi,454126.86
2021,Kabupaten Pacitan,50880.29
2021,Kabupaten Pamekasan,55850.35999999999
2021,Kabupaten Pasuruan,152987.93
2021,Kabupaten Ponorogo,233661.75
2021,Kabupaten Probolinggo,109813.84
2021,Kabupaten Sampang,112943.75
2021,Kabupaten Sidoarjo,116928.41
2021,Kabupaten Situbondo,87281.16
2021,Kabupaten Sumenep,128175.38
2021,Kabupaten Trenggalek,67244.24
2021,Kabupaten Tuban,282600.18
2021,Kabupaten Tulungagung,137378.06
2021,Kota Batu,3320.29
2021,Kota Blitar,3345.17
2021,Kota Kediri,5505.62
2021,Kota Madiun,7798.519999999999
2021,Kota Malang,6531.42
2021,Kota Mojokerto,2549.27
2021,Kota Pasuruan,4795.24
2021,Kota Probolinggo,5152.96
2021,Kota Surabaya,5677.59
2022,Kabupaten Bangkalan,114400.05
2022,Kabupaten Banyuwangi,266887.02
2022,Kabupaten Blitar,124424.09
2022,Kabupaten Bojonegoro,406670.62
2022,Kabupaten Bondowoso,137817.3
2022,Kabupaten Gresik,237459.53
2022,Kabupaten Jember,350708.35
2022,Kabupaten Jombang,194689.98
2022,Kabupaten Kediri,97499.45
2022,Kabupaten Lamongan,521919.84
2022,Kabupaten Lumajang,173704.72
2022,Kabupaten Madiun,231876.72
2022,Kabupaten Magetan,153997.9
2022,Kabupaten Malang,156831.2
2022,Kabupaten Mojokerto,162733.96
2022,Kabupaten Nganjuk,217385.07
2022,Kabupaten Ngawi,436494.35
2022,Kabupaten Pacitan,52215.06
2022,Kabupaten Pamekasan,62158.54
2022,Kabupaten Pasuruan,142770.43
2022,Kabupaten Ponorogo,207532.72
2022,Kabupaten Probolinggo,107060.91
2022,Kabupaten Sampang,99601.72
2022,Kabupaten Sidoarjo,112331.58
2022,Kabupaten Situbondo,81778.89
2022,Kabupaten Sumenep,133142.3
2022,Kabupaten Trenggalek,66841.0
2022,Kabupaten Tuban,288097.19
2022,Kabupaten Tulungagung,119651.42
2022,Kota Batu,3904.84
2022,Kota Blitar,3009.59
2022,Kota Kediri,5888.24
2022,Kota Madiun,6613.7300000000005
2022,Kota Malang,6219.47
2022,Kota Mojokerto,2906.13
2022,Kota Pasuruan,4211.51
2022,Kota Probolinggo,4679.36
2022,Kota Surabaya,4687.099999999999
2023,Kabupaten Bangkalan,107549.1
2023,Kabupaten Banyuwangi,262592.47000000003
2023,Kabupaten Blitar,138710.41999999998
2023,Kabupaten Bojonegoro,407637.03
2023,Kabupaten Bondowoso,143072.44
2023,Kabupaten Gresik,241031.68
2023,Kabupaten Jember,356109.87
2023,Kabupaten Jombang,200291.71
2023,Kabupaten Kediri,105976.09
2023,Kabupaten Lamongan,461188.28
2023,Kabupaten Lumajang,178218.47
2023,Kabupaten Madiun,252675.05
2023,Kabupaten Magetan,162019.53
2023,Kabupaten Malang,161311.5
2023,Kabupaten Mojokerto,174895.22
2023,Kabupaten Nganjuk,241417.14
2023,Kabupaten Ngawi,445336.1
2023,Kabupaten Pacitan,53695.84
2023,Kabupaten Pamekasan,62640.34
2023,Kabupaten Pasuruan,150164.99
2023,Kabupaten Ponorogo,226922.69
2023,Kabupaten Probolinggo,116087.05
2023,Kabupaten Sampang,96539.65
2023,Kabupaten Sidoarjo,113090.82
2023,Kabupaten Situbondo,90812.73
2023,Kabupaten Sumenep,125768.19
2023,Kabupaten Trenggalek,66330.87
2023,Kabupaten Tuban,289715.44
2023,Kabupaten Tulungagung,135983.66999999998
2023,Kota Batu,2807.87
2023,Kota Blitar,3254.74
2023,Kota Kediri,4776.18
2023,Kota Madiun,7026.969999999999
2023,Kota Malang,5958.16
2023,Kota Mojokerto,1901.31
2023,Kota Pasuruan,4630.94
2023,Kota Probolinggo,4331.85
2023,Kota Surabaya,4659.13
2024,Kabupaten Bangkalan,109225.9
2024,Kabupaten Banyuwangi,228445.54
2024,Kabupaten Blitar,98827.77
2024,Kabupaten Bojonegoro,410272.7
2024,Kabupaten Bondowoso,149827.65
2024,Kabupaten Gresik,189947.86
2024,Kabupaten Jember,359885.69
2024,Kabupaten Jombang,197645.9
2024,Kabupaten Kediri,100512.8
2024,Kabupaten Lamongan,448245.88
2024,Kabupaten Lumajang,148466.65
2024,Kabupaten Madiun,252597.18
2024,Kabupaten Magetan,157200.36
2024,Kabupaten Malang,147123.04
2024,Kabupaten Mojokerto,164977.26
2024,Kabupaten Nganjuk,233840.77
2024,Kabupaten Ngawi,442132.64
2024,Kabupaten Pacitan,40217.87
2024,Kabupaten Pamekasan,58608.96
2024,Kabupaten Pasuruan,160150.07
2024,Kabupaten Ponorogo,218983.65
2024,Kabupaten Probolinggo,102554.1
2024,Kabupaten Sampang,84263.93999999999
2024,Kabupaten Sidoarjo,120673.11
2024,Kabupaten Situbondo,93678.79
2024,Kabupaten Sumenep,109420.94
2024,Kabupaten Trenggalek,60547.89
2024,Kabupaten Tuban,302029.69
2024,Kabupaten Tulungagung,124041.83
2024,Kota Batu,2113.03
2024,Kota Blitar,2149.26
2024,Kota Kediri,4846.25
2024,Kota Madiun,7281.5
2024,Kota Malang,6060.97
2024,Kota Mojokerto,1991.89
2024,Kota Pasuruan,5003.52
2024,Kota Probolinggo,4904.69
2024,Kota Surabaya,4238.5
2025,Kabupaten Bangkalan,129220.18
2025,Kabupaten Banyuwangi,261938.65
2025,Kabupaten Blitar,133636.42
2025,Kabupaten Bojonegoro,507947.93
2025,Kabupaten Bondowoso,160997.58
2025,Kabupaten Gresik,216873.79
2025,Kabupaten Jember,392364.81
2025,Kabupaten Jombang,255012.37
2025,Kabupaten Kediri,114516.46
2025,Kabupaten Lamongan,508126.15
2025,Kabupaten Lumajang,161621.18
2025,Kabupaten Madiun,277313.9
2025,Kabupaten Magetan,176692.93
2025,Kabupaten Malang,142258.93
2025,Kabupaten Mojokerto,180391.31
2025,Kabupaten Nganjuk,251307.22
2025,Kabupaten Ngawi,446097.92
2025,Kabupaten Pacitan,76517.4
2025,Kabupaten Pamekasan,75855.26999999999
2025,Kabupaten Pasuruan,158377.88
2025,Kabupaten Ponorogo,251928.35
2025,Kabupaten Probolinggo,113241.05
2025,Kabupaten Sampang,109653.91
2025,Kabupaten Sidoarjo,101439.41
2025,Kabupaten Situbondo,115002.01
2025,Kabupaten Sumenep,139436.69
2025,Kabupaten Trenggalek,183339.15
2025,Kabupaten Tuban,333727.93
2025,Kabupaten Tulungagung,138907.43
2025,Kota Batu,1746.67
2025,Kota Blitar,3503.75
2025,Kota Kediri,2141.42
2025,Kota Madiun,6864.79
2025,Kota Malang,4759.62
2025,Kota Mojokerto,1781.6999999999998
2025,Kota Pasuruan,4311.95
2025,Kota Probolinggo,5827.34
2025,Kota Surabaya,3507.73
